Layer,Name,GEOID,Population,Longitude,Latitude,SVI,ViolentCrime,Robbery,Pop_2019_2023,InfantMortality,CrowdedHousing,TreeCanopy,LowFoodAccess,GradRate,Unemployment,PerCapitaIncome,PovertyRate,TeenBirthRate,BirthRate,IndLivingDiff,city_side,city_side_numeric
Community area,Burnside,47,2514,-87.59647,41.728181,86.8816102,131.229124,38.5467479,2137.42191,7.5757576,0.00317374,23.7,94.2531011,89.23181,18.6107973,28116.3054,23.5302903,42.335116,18.988707,14.7928973,South,0
Community area,Hegewisch,55,9884,-87.556803,41.668188,75.5823928,57.5182016,11.8417808,8885.92962,6.4239829,0.13720613,18.5,30.8941741,84.5272969,10.9162374,30798.0004,11.0970526,15.631576,18.638994,5.49826321,South,0
Community area,Calumet Heights,48,13085,-87.57272,41.729673,53.8119974,173.970198,43.0395156,11643.0354,11.450382,0.40486602,20.4,40.1176905,95.3617007,11.6711735,39696.6985,15.4764335,17.864434,14.118015,9.05476083,South,0
Community area,North Center,5,35150,-87.683839,41.947811,12.3341056,162.385518,68.2443651,35443.7301,1.8573551,0.42558469,24.3,15.9023273,97.2735013,3.95467789,89174.7293,4.67547822,1.8744142,30.058464,1.85862124,North,1
Community area,Washington Heights,73,25075,-87.648897,41.717495,63.8507645,316.849843,90.1505904,25214.8596,7.2815534,0.49499535,21.4,64.8556031,90.016052,10.8544539,31651.0509,15.6071265,17.467876,17.608794,6.61609387,South,0
Community area,Forest Glen,12,19579,-87.758358,41.993938,21.9454423,42.317492,13.8097813,19506.9972,2.1929825,0.53463575,44.2,17.5198846,96.1221333,4.3998403,72270.5533,4.22176168,0.6945168,18.156697,5.20228511,North,1
Community area,Beverly,72,19950,-87.675072,41.713148,16.8515767,144.383486,37.0953591,19603.2515,7.8201369,0.65296306,40.5,50.2545385,97.6349344,8.4701314,66325.1672,5.83390297,2.4841635,19.42924,4.23893522,South,0
Community area,Englewood,68,24322,-87.642502,41.777201,87.0158353,802.609406,241.792437,21377.1782,17.337461,0.7708864,24.7,22.2534617,76.9063588,20.2554791,19348.6276,32.2739602,34.749541,24.458357,10.8879171,South,0
Community area,Morgan Park,75,21714,-87.669062,41.689729,53.8573446,148.115441,38.0351223,21832.455,8.3487941,1.03619703,28.1,32.3508557,93.6520466,7.59159624,39487.3719,12.7215997,14.487266,18.124939,7.30768714,South,0
Community area,Norwood Park,10,41069,-87.803451,41.985248,38.3892427,53.7076092,10.4534597,41791.259,3.8022814,1.0566225,22.9,57.9822951,93.2063799,4.21993663,53454.9893,6.51065235,1.7864449,17.427744,4.02694122,North,1
Community area,Fuller Park,37,2549,-87.632427,41.809082,91.9822786,85.9373964,32.5775781,2213.54192,0.0,1.05671291,12.3,97.1012333,73.9859395,21.7461674,16967.4675,55.3669602,17.893661,21.311527,13.0728747,South,0
Community area,Lincoln Park,7,70425,-87.649491,41.922696,15.3863152,188.889628,100.976603,67763.8553,2.1712907,1.07421294,26.3,4.68280359,98.0184547,3.7660181,112835.194,8.34089096,0.8910803,22.726737,1.6835232,North,1
Community area,Avalon Park,45,9359,-87.586347,41.744197,78.2287101,197.519643,55.1761968,9346.85683,9.2165899,1.20728753,22.0,19.1656069,90.7707157,14.3637009,32152.3186,17.3002368,12.466085,16.467776,7.94799225,South,0
Community area,Edison Park,9,11521,-87.81378,42.007627,11.7890467,8.08378662,1.59795914,11199.4445,0.0,1.25710415,23.4,26.3903188,98.3312999,2.56410292,66501.1096,6.92033245,0.0,21.64906,1.51687292,North,1
Community area,Oakland,36,6803,-87.603217,41.823754,80.13492,93.9466324,24.4852305,6949.24703,5.0,1.35248549,18.0,7.80366305,92.1147529,14.8528251,36121.9883,34.8595328,13.133054,19.940577,7.73427858,South,0
Community area,Pullman,50,6866,-87.598252,41.706131,47.7477813,212.233544,53.6281633,6782.76615,5.8139535,1.44206229,19.3,77.8757989,90.5819333,13.274889,32385.282,20.9087227,22.022022,17.537867,4.56398353,South,0
Community area,Lake View,6,103048,-87.656001,41.944236,18.613704,323.057463,141.021599,101160.755,1.0895224,1.4987462,23.6,5.19481248,98.1584623,3.39270737,90549.9517,8.13005357,1.8891291,21.472138,2.22729986,North,1
Community area,West Town,24,87942,-87.676358,41.901216,25.4750926,682.716599,323.819627,86596.4762,2.619706,1.50912165,19.5,0.61131395,94.9934366,3.52884443,87361.578,8.92598841,8.5767988,31.693448,2.57637304,North,1
Community area,Jefferson Park,11,26201,-87.771165,41.978836,42.9730035,68.522993,22.3847944,26624.8734,5.0323508,1.55082191,22.5,9.38820742,92.2645436,5.36291361,45726.0746,5.948473,4.6580686,20.95173,3.72692802,North,1
Community area,Logan Square,22,71742,-87.699149,41.922768,41.2850829,454.620267,203.269906,71128.3337,2.8345819,1.58747855,19.9,0.01047655,92.4777581,4.15986586,67446.0344,10.7236661,11.483372,27.484146,2.31904635,North,1
Community area,Avondale,21,36245,-87.711219,41.938673,54.0915805,150.03907,62.1698613,35476.8661,2.7675277,1.59792178,16.1,0.00858382,86.3086679,5.33730732,48391.6621,13.5936921,14.413242,24.143157,3.1207922,North,1
Community area,Mount Greenwood,74,18633,-87.713189,41.694876,27.7718853,29.6127603,8.40366267,18557.8378,3.4692108,1.6048174,18.6,62.7846679,96.0352527,4.55597603,51451.817,5.74586884,1.592864,24.623125,4.22951096,South,0
Community area,Chatham,44,31804,-87.615965,41.740206,75.5989472,615.049185,182.191737,30874.668,7.4303406,1.71788573,20.1,55.0562112,89.7765024,17.2652716,30461.471,25.0029331,25.898349,17.99501,7.50651287,South,0
Community area,Woodlawn,42,25285,-87.594924,41.778877,84.4917817,447.927815,103.432528,25094.8633,12.967201,1.72056258,22.1,36.9212548,87.2673223,15.6113243,25359.0403,32.4437623,16.748105,18.790957,6.5764778,South,0
Community area,Hyde Park,41,29459,-87.592305,41.794088,51.9854021,327.588545,84.7408412,29593.1312,2.0876827,1.74398277,27.5,12.3591157,96.4284858,7.25096739,57804.5836,20.8787623,1.6905599,12.418029,3.45330213,South,0
Community area,Near North Side,8,97789,-87.633318,41.899611,21.2840762,647.271573,296.865991,97384.9665,5.0727834,2.11824303,17.8,0.00347277,98.2214667,3.06971727,120962.222,9.71646229,7.2970104,16.984397,2.27392695,North,1
Community area,West Pullman,53,25940,-87.635745,41.67382,78.7169512,303.612579,76.2155553,24333.3941,12.861736,2.16864306,26.0,63.6690448,87.5352598,19.0261393,25468.1995,23.5423991,30.846458,21.628795,7.43600265,South,0
Community area,South Deering,51,14125,-87.570058,41.690639,80.726172,508.085136,113.775211,14217.9809,14.138817,2.17915724,14.1,70.7701693,80.5271899,12.3876971,23810.4565,30.3711623,22.674051,20.361748,7.84528075,South,0
Community area,Lincoln Square,4,40412,-87.687513,41.975182,40.3982785,230.513409,75.6981907,41588.5058,1.1650485,2.26340339,28.3,7.90276171,94.0381292,5.51687999,61337.969,9.59506958,5.6864095,24.796954,3.10824333,North,1
Community area,Grand Boulevard,38,24586,-87.61786,41.812947,71.8999669,268.793808,77.9289789,26340.2365,4.4280443,2.28950911,16.9,10.5378049,88.4522665,15.5736067,37552.7238,25.283752,14.412998,19.598569,6.34114974,South,0
Community area,Kenwood,39,19126,-87.596186,41.808918,71.2528979,171.917925,49.9601842,18147.9657,6.002401,2.31646735,28.0,5.77026144,95.3516178,10.395491,57777.9056,24.5376832,11.570602,15.502347,5.219386,South,0
Community area,Roseland,49,38934,-87.623366,41.706588,78.9451536,545.922114,143.820354,36819.1557,12.640449,2.45895422,22.3,66.6029013,87.8670493,17.3743393,26167.6069,21.9653987,24.742787,19.701217,8.12574477,South,0
Community area,West Englewood,67,29899,-87.666598,41.775926,87.3709572,632.343177,189.228855,26925.8449,14.335146,2.49760559,25.9,63.5006602,76.126146,20.3143238,20384.0456,33.024435,33.079341,25.71681,8.02819411,South,0
Community area,Garfield Ridge,56,35352,-87.764246,41.796185,48.5186504,100.944437,29.0512365,36353.3983,5.0505051,2.57020454,12.0,47.7369889,83.1442476,4.33387327,38139.5636,7.32144733,8.4899939,19.963479,4.81033284,South,0
Community area,Dunning,17,43120,-87.806015,41.946522,44.3129853,118.017901,36.214354,41790.5439,4.9407115,2.57093486,18.8,47.3604794,89.0554349,5.41415028,40403.493,8.64930645,7.3519583,18.308872,4.18869899,North,1
Community area,Near South Side,33,27296,-87.620344,41.857196,25.3666114,206.671542,92.3937018,27534.5086,3.6900369,2.67889984,13.8,3.9345582,95.8975028,4.55860366,94648.7425,7.31578232,7.2506756,26.850748,3.74229358,North,1
Community area,Greater Grand Crossing,69,31543,-87.616139,41.763251,86.7071345,786.914376,219.045376,29636.65,11.922504,2.84644329,21.4,10.5555863,86.58273,15.4269061,25353.9698,27.4368483,33.627575,23.034066,8.49539574,South,0
Community area,Montclare,18,14412,-87.798033,41.929306,79.5071575,21.0693256,6.38299851,14094.3982,1.4641288,2.93633966,18.6,0.07582526,80.7327948,3.95494427,34401.6561,9.98657158,9.1227733,18.618218,8.44130831,North,1
Community area,Irving Park,16,51911,-87.723457,41.953589,59.7646908,231.509997,91.1998443,53799.2172,4.9537649,2.9695148,24.8,15.215599,87.6578953,6.22568116,48622.549,10.5327404,11.731242,23.284964,2.95378256,North,1
Community area,Washington Park,40,12709,-87.617936,41.792356,83.9528871,314.434155,80.9187315,13111.9161,6.119951,2.96991551,21.9,65.4569603,85.8857903,17.550929,19095.1775,44.8546736,29.167946,22.788256,5.91421845,South,0
Community area,Auburn Gresham,71,44959,-87.656305,41.744203,85.2261348,709.009512,215.821561,45108.9723,11.807818,3.0019254,18.7,25.2419026,85.4436027,17.7997067,24754.6248,25.2783275,27.243077,19.67605,9.97517725,South,0
Community area,Uptown,3,55120,-87.655899,41.965822,62.7148271,294.201256,99.8828361,55447.8769,7.5728891,3.1584222,23.5,0.01591642,91.4810748,4.5999425,51959.0278,20.6454055,8.9704265,20.043457,5.37709692,North,1
Community area,Edgewater,77,56308,-87.663419,41.986719,57.5190447,237.259845,81.0355365,56157.1071,3.417343,3.20021552,26.3,0.00151651,93.4697105,7.23242364,54939.9858,14.0712317,4.9660182,17.204721,4.01948275,North,1
Community area,Portage Park,15,63038,-87.763401,41.954043,59.5761244,221.780063,78.7105714,61811.4449,5.8972199,3.26285292,19.4,24.8257787,88.4036089,4.53179446,41742.3207,9.68827544,9.3946962,22.126753,4.09377081,North,1
Community area,McKinley Park,59,15927,-87.6725,41.829927,72.8332512,162.757291,57.5836871,15440.8801,7.1633238,3.33546381,15.0,3.39383264,78.5310985,8.31946358,36191.1505,11.680868,8.8874525,17.646404,3.08133681,South,0
Community area,Near West Side,28,67817,-87.663513,41.874016,41.3776803,1042.27524,433.205472,65999.4041,4.0201005,3.47487587,14.6,16.3899041,94.7788294,7.10344504,79363.6711,15.6414251,7.3012968,23.587128,3.98935317,North,1
Community area,Bridgeport,60,33593,-87.648784,41.836151,60.9745202,230.612306,80.7471007,33001.9334,3.7712131,3.48561696,13.0,35.0811114,82.6582896,6.12177422,39715.4341,15.4408133,6.4454585,19.01777,4.51075971,South,0
Community area,Clearing,64,24519,-87.768517,41.779582,56.6576541,65.6445905,18.0747657,24962.2632,4.4809559,3.5007112,8.8,49.147761,85.7627159,8.51206586,33725.3779,7.93746813,7.2413169,21.696789,3.71336775,South,0
Community area,South Shore,43,51919,-87.57279,41.761583,85.2671456,592.049185,149.618775,51948.0768,12.619372,3.61989149,23.1,57.595988,88.7840922,14.6683877,30588.2149,29.7928331,25.657028,20.593633,7.15759953,South,0
Community area,Ashburn,70,41280,-87.708363,41.745756,73.2604419,280.388104,73.4093782,42255.0711,6.5086007,3.65798663,15.3,68.2132581,80.9604551,9.33430352,30328.5951,16.1574215,11.230001,20.03116,4.62410112,South,0
Community area,Loop,32,43440,-87.625194,41.878881,36.3953843,432.33011,226.466363,43260.7983,3.4246575,3.85983498,17.8,0.00345936,96.3055452,7.329214,107142.339,9.90784078,0.1559624,15.559212,1.83751302,North,1
Community area,Albany Park,14,48549,-87.721558,41.968078,72.6113171,127.008309,42.2758025,46804.2845,4.290311,4.07864471,23.8,3.89779136,81.7761815,6.50481069,40848.8493,13.6189508,12.382368,23.256007,2.69445092,North,1
Community area,Austin,25,96753,-87.763117,41.894113,88.2699114,1860.05814,642.610852,99100.0738,9.5778645,4.47204783,19.0,32.4076171,81.73084,14.623578,25795.7042,24.7464912,29.046643,21.812934,5.95725062,North,1
Community area,South Chicago,46,27254,-87.551435,41.741243,81.9392609,358.299047,84.4951277,29338.0631,16.686532,4.56894755,19.3,25.3540326,80.7924576,15.4794563,25180.1243,29.0262423,28.012393,22.64917,7.09497093,South,0
Community area,O'Hare,76,14416,-87.893699,41.975696,53.8255389,80.4419734,19.2915845,14996.9122,5.0658561,4.57233219,,75.7712841,91.3780953,3.98989928,42749.4139,8.13638498,6.2791749,27.838727,2.8727076,North,1
Community area,East Garfield Park,27,19995,-87.705892,41.878923,88.7791349,542.060539,184.765393,20536.2542,11.191047,4.61609716,18.4,52.3356797,82.3369846,16.8018328,24013.8222,37.8357258,30.672589,23.191275,6.67400303,North,1
Community area,Lower West Side,31,33716,-87.66757,41.850277,75.5032456,318.531315,102.325373,33260.6926,2.6578073,4.81066767,10.6,12.0954527,77.6106542,7.3383837,38578.6609,15.966886,11.386974,18.039745,4.30491039,North,1
Community area,Armour Square,34,13847,-87.633976,41.842083,87.9665766,104.220249,39.6605436,14175.6162,4.0983607,4.97674858,13.1,18.8411405,68.7048634,8.77556268,29703.6641,24.0012909,8.6810938,13.393862,7.50767298,South,0
Community area,Rogers Park,1,55454,-87.670171,42.00963,74.298426,298.203142,101.707708,54255.1172,6.3191153,5.02416852,27.4,5.67896157,89.8638317,6.2209274,38184.3071,17.4494801,9.1497288,18.261402,4.22613482,North,1
Community area,West Elsdon,62,18249,-87.724213,41.792977,79.193853,126.768666,42.9112878,18422.7393,5.6232427,5.02591703,12.7,23.4935226,73.5995554,7.60578348,29611.5931,10.5920784,12.127419,23.324495,2.93883605,South,0
Community area,Douglas,35,20292,-87.61868,41.835122,76.882298,187.151315,64.9145608,21758.1816,10.537408,5.10500379,21.6,36.5810694,89.0063281,15.0825705,37332.2863,26.9279037,9.1180632,17.574432,7.76634113,South,0
Community area,North Lawndale,29,34817,-87.717218,41.860197,89.5493917,832.610327,267.980518,31267.8586,9.8797251,5.42638812,17.7,22.3385452,80.6689168,13.5736276,22887.5935,33.2342411,36.080325,24.756081,6.54338004,North,1
Community area,Humboldt Park,23,53832,-87.720917,41.90008,87.8223699,933.23633,331.692233,55220.8116,7.7341736,5.67515601,16.5,16.426263,76.3161284,10.3194547,27001.3896,26.6379133,25.082826,25.337182,5.66172931,North,1
Community area,Chicago Lawn,66,55789,-87.695667,41.771849,87.6175186,496.439542,158.070299,53332.7232,7.7390824,5.78311529,18.5,27.0809917,75.4384316,14.3500384,23129.5308,22.409071,25.882055,25.372203,5.60254791,South,0
Community area,North Park,13,17522,-87.723578,41.983651,71.6534187,137.396126,50.5295993,18678.7628,3.7735849,5.99961807,33.0,76.7781154,90.1534101,4.27107452,38200.331,16.4344588,3.6402024,23.331367,4.78750194,North,1
Community area,East Side,52,21787,-87.534907,41.707306,72.0517484,237.846932,53.7485667,22816.3914,3.8109756,6.18399277,15.8,23.5276448,75.1691191,7.8990559,26996.0289,16.5347003,18.439378,23.505805,3.4085884,South,0
Community area,New City,61,43510,-87.659171,41.809017,88.1852409,580.668047,220.132704,41661.5087,12.021858,6.46769627,15.6,21.3747749,70.5382929,12.6670581,22685.4294,26.8875045,24.505607,25.355274,4.60252063,South,0
Community area,West Garfield Park,26,17423,-87.730233,41.878602,87.8104144,440.502305,139.038984,15610.3014,15.232975,6.82436922,17.9,0.05012273,77.0828149,23.2529444,19395.2501,31.9751777,30.360314,24.079176,10.7649258,North,1
Community area,Hermosa,20,24127,-87.734741,41.924353,81.1496224,150.146585,57.418395,22840.7111,6.2068966,7.82064595,17.0,0.00156022,72.8422939,5.78076475,27889.1385,15.2785477,16.584453,23.72192,3.380034,North,1
Community area,West Ridge,2,77139,-87.695017,42.001583,82.193188,266.247177,95.3716575,78241.3899,3.4214028,8.02673677,26.0,9.32642203,84.1211802,7.38485511,33663.4717,17.6042057,8.7015454,27.416735,4.35656318,North,1
Community area,South Lawndale,30,71402,-87.714,41.839091,84.2253602,973.34726,315.071795,68751.1203,7.2222222,8.27575147,14.9,4.79340288,64.5118345,8.45828948,20938.0143,21.5023178,22.52816,21.602808,5.9205013,South,0
Community area,Brighton Park,58,45141,-87.698859,41.817364,80.422136,238.255952,86.0015211,42213.4249,4.6005855,8.28952835,12.0,17.5886857,70.4057619,9.17923141,24631.5704,19.3800186,15.552271,21.533886,3.49143564,South,0
Community area,West Lawn,65,33543,-87.726927,41.769774,79.9689295,324.447086,102.805346,32530.9057,4.0120361,8.53674839,10.7,33.4765733,74.2518348,7.87647542,26359.704,15.3181633,12.594102,23.723127,3.52340061,South,0
Community area,Belmont Cragin,19,78151,-87.765502,41.927275,80.0566014,423.962241,159.380516,72957.3275,5.663797,8.76248888,15.2,0.00970678,68.8995434,5.01292421,26262.2122,14.8618687,15.662347,22.320345,4.41153272,North,1
Community area,Riverdale,54,7229,-87.602849,41.660137,83.6310892,210.133261,48.1678976,7500.46919,9.2421442,8.86446977,24.7,99.8478605,86.0377664,29.6764376,14407.8969,55.0311515,28.449502,25.552496,3.39914955,South,0
Community area,Gage Park,63,39439,-87.696433,41.795429,89.7956587,242.250067,82.9009264,35639.0218,7.7186964,9.44226472,14.6,20.8708077,67.1905388,12.9550639,21573.3484,15.6294328,16.509735,23.849312,3.1093608,South,0
Community area,Archer Heights,57,14282,-87.726365,41.810873,71.4808735,172.264948,62.1827189,14098.4604,2.4038462,10.5653239,8.3,0.58461287,70.0675846,9.58183444,26769.008,8.94493098,13.768116,23.756292,3.96261181,South,0
